{
  "0": {
    "precision": 0.9979144942648592,
    "recall": 0.9815384615384616,
    "f1-score": 0.9896587383660806,
    "support": 975.0
  },
  "1": {
    "precision": 0.5609756097560976,
    "recall": 0.92,
    "f1-score": 0.696969696969697,
    "support": 25.0
  },
  "accuracy": 0.98,
  "macro avg": {
    "precision": 0.7794450520104784,
    "recall": 0.9507692307692308,
    "f1-score": 0.8433142176678888,
    "support": 1000.0
  },
  "weighted avg": {
    "precision": 0.9869910221521402,
    "recall": 0.98,
    "f1-score": 0.982341512331171,
    "support": 1000.0
  }
}