{
  "0": {
    "precision": 0.625,
    "recall": 0.5,
    "f1-score": 0.5555555555555556,
    "support": 10.0
  },
  "1": {
    "precision": 0.9949596774193549,
    "recall": 0.996969696969697,
    "f1-score": 0.9959636730575177,
    "support": 990.0
  },
  "accuracy": 0.992,
  "macro avg": {
    "precision": 0.8099798387096775,
    "recall": 0.7484848484848485,
    "f1-score": 0.7757596143065366,
    "support": 1000.0
  },
  "weighted avg": {
    "precision": 0.9912600806451614,
    "recall": 0.992,
    "f1-score": 0.991559591882498,
    "support": 1000.0
  }
}