{
  "dataset_name": "cic_iomt_2024",
  "model_name": "random_forest",
  "sampling_strategy": "baseline",
  "threshold": 0.344,
  "fit_seconds": 0.8225089000188746,
  "validation_seconds": 0.16983660002006218,
  "cv_accuracy": 0.9933333333333333,
  "cv_precision": 0.9956366660773114,
  "cv_recall": 0.9976446837146702,
  "cv_f1": 0.9966386520441063,
  "cv_roc_auc": 0.9781652566814074,
  "cv_pr_auc": 0.9996175073941935,
  "cv_balanced_accuracy": 0.766679484714478,
  "val_accuracy": 0.998,
  "val_precision": 0.9979838709677419,
  "val_recall": 1.0,
  "val_f1": 0.9989909182643795,
  "val_roc_auc": 0.9995959595959596,
  "val_pr_auc": 0.9999959218662746,
  "val_balanced_accuracy": 0.9,
  "val_mcc": 0.8935250957719058,
  "test_accuracy": 0.992,
  "test_precision": 0.9949596774193549,
  "test_recall": 0.996969696969697,
  "test_f1": 0.9959636730575177,
  "test_roc_auc": 0.9980808080808081,
  "test_pr_auc": 0.9999807044341493,
  "test_balanced_accuracy": 0.7484848484848485,
  "test_mcc": 0.5550686201007293
}