dataset,algorithm,accuracy,f1_score,recall,precision
cic_iomt_2024,random_forest,0.998,0.9989909182643795,1.0,0.9979838709677419
cic_iomt_2024,gradient_boosting,0.998,0.9989909182643795,1.0,0.9979838709677419
cic_iomt_2024,logistic_regression,0.998,0.998989898989899,0.998989898989899,0.998989898989899
cic_iomt_2024,knn,0.997,0.9984825493171472,0.996969696969697,1.0
cic_iomt_2024,decision_tree,0.996,0.997979797979798,0.997979797979798,0.997979797979798
