dataset_name,model_name,sampling_strategy,threshold,fit_seconds,validation_seconds,cv_accuracy,cv_precision,cv_recall,cv_f1,cv_roc_auc,cv_pr_auc,cv_balanced_accuracy,val_accuracy,val_precision,val_recall,val_f1,val_roc_auc,val_pr_auc,val_balanced_accuracy,val_mcc
cic_iomt_2024,random_forest,baseline,0.344,0.8225089000188746,0.16983660002006218,0.9933333333333333,0.9956366660773114,0.9976446837146702,0.9966386520441063,0.9781652566814074,0.9996175073941935,0.766679484714478,0.998,0.9979838709677419,1.0,0.9989909182643795,0.9995959595959596,0.9999959218662746,0.9,0.8935250957719058
cic_iomt_2024,random_forest,smote,0.404,0.7696940000168979,0.09718749998137355,0.994,0.9969715084039227,0.996971736204576,0.9969715094325311,0.9784176119976928,0.999616583329844,0.8377715823880023,0.998,0.9979838709677419,1.0,0.9989909182643795,0.9993939393939395,0.9999938812519209,0.9,0.8935250957719058
cic_iomt_2024,random_forest,adasyn,0.248,1.0697482000105083,0.14754530001664534,0.994,0.9966375191358401,0.9973082099596231,0.9969723008691864,0.9777326475677754,0.9996102230410504,0.8200826764083831,0.998,0.9979838709677419,1.0,0.9989909182643795,0.9993939393939395,0.9999938812519209,0.9,0.8935250957719058
cic_iomt_2024,random_forest,smote_tomek,0.404,1.2797354999929667,0.12913839996326715,0.994,0.9966375191358401,0.9973082099596231,0.9969723008691864,0.9783455104787542,0.9996165859564781,0.8200826764083831,0.998,0.9979838709677419,1.0,0.9989909182643795,0.9993939393939395,0.9999938812519209,0.9,0.8935250957719058
cic_iomt_2024,gradient_boosting,baseline,0.007071809767659478,1.8144456999725662,0.024046900041867048,0.993,0.9959663860988784,0.996971736204576,0.9964687794273094,0.9379686598731013,0.9988692624236382,0.7842001538165737,0.998,0.9979838709677419,1.0,0.9989909182643795,0.9992929292929293,0.9999928619795225,0.9,0.8935250957719058
