{
  "dataset_name": "cic_unsw",
  "model_name": "knn",
  "sampling_strategy": "adasyn",
  "threshold": 0.8571428571428571,
  "fit_seconds": 0.07660640001995489,
  "validation_seconds": 0.0671024999464862,
  "cv_accuracy": 0.978,
  "cv_precision": 0.5412121212121213,
  "cv_recall": 0.9871794871794872,
  "cv_f1": 0.6987179487179487,
  "cv_roc_auc": 0.9847262760359456,
  "cv_pr_auc": 0.5929294744907665,
  "cv_balanced_accuracy": 0.9824705019481941,
  "val_accuracy": 0.987,
  "val_precision": 0.6666666666666666,
  "val_recall": 0.96,
  "val_f1": 0.7868852459016393,
  "val_roc_auc": 0.9930256410256411,
  "val_pr_auc": 0.6534865900383141,
  "val_balanced_accuracy": 0.9738461538461538,
  "val_mcc": 0.7942366073709629,
  "test_accuracy": 0.98,
  "test_precision": 0.5609756097560976,
  "test_recall": 0.92,
  "test_f1": 0.696969696969697,
  "test_roc_auc": 0.9904615384615384,
  "test_pr_auc": 0.5747040825246963,
  "test_balanced_accuracy": 0.9507692307692308,
  "test_mcc": 0.7098316170389454,
  "rows_trained_full_dataset": 3540241,
  "full_dataset_retrain": true
}